{"graph_0": {"_type": "graph-file", "path": "media/graph/graph_0_summary_8fe1ac81.graph.json", "sha256": "8fe1ac8168646499e93838addc90ed8ec445b6936740ac7365c66a26cec11e84", "size": 1376}, "train_loss": 21.64565372467041, "test_loss": 36.18455296754837, "accuracy": 0.756600022315979, "_runtime": 17, "_timestamp": 1623231193, "_step": 1, "examples": {"_type": "images/separated", "width": 28, "height": 28, "format": "png", "count": 16}}