{"graph_0": {"_type": "graph-file", "path": "media/graph/graph_0_summary_4c1db675.graph.json", "sha256": "4c1db6753298eeeb2f1ae1a9b5485531d8929fd4bfe0bf968055bcf48809dd52", "size": 1376}, "train_loss": 14.313523828983307, "test_loss": 30.029728323221207, "accuracy": 0.7778000235557556, "_runtime": 35, "_timestamp": 1623155571, "_step": 3, "examples": {"_type": "images/separated", "width": 28, "height": 28, "format": "png", "count": 16}}