{"graph_0": {"_type": "graph-file", "path": "media/graph/graph_0_summary_61a67efe.graph.json", "sha256": "61a67efedbfb48c4936759b91494099c9fdeeeca01f5c04e3ecce7b30262be7a", "size": 1376}, "train_loss": 26.480268478393555, "test_loss": 69.74921500682831, "accuracy": 0.4848000109195709, "_runtime": 17, "_timestamp": 1623230108, "_step": 1, "examples": {"_type": "images/separated", "width": 28, "height": 28, "format": "png", "count": 16}}