{"graph_0": {"_type": "graph-file", "path": "media/graph/graph_0_summary_5412d9ea.graph.json", "sha256": "5412d9ea19be9e573f0ea8f99e4bed7dcca7b2bfd35d4351ea506bb02a331327", "size": 1376}, "train_loss": 25.652700185775757, "test_loss": 79.07954561710358, "accuracy": 0.5493999719619751, "_runtime": 18, "_timestamp": 1623230009, "_step": 1, "examples": {"_type": "images/separated", "width": 28, "height": 28, "format": "png", "count": 16}}